"Epic","Feature","Story","FAILED","BROKEN","PASSED","SKIPPED","UNKNOWN"
"","测试用例5","","0","0","1","0","0"
"","登录","","0","0","1","0","0"
"","测试用例23","","0","1","0","0","0"
"","测试用例21","","0","0","1","0","0"
"","测试用例3","","0","0","1","0","0"
"","","","0","0","2","0","0"
"","测试用例13","","0","0","1","0","0"
"","测试用例008","","0","1","0","0","0"
"","测试用例7","","0","0","1","0","0"
"","测试用例6","","0","0","1","0","0"
"","测试用例24","","0","1","0","0","0"
"","测试用例28","","0","0","1","0","0"
"","测试用例10","","0","0","1","0","0"
"","测试用例19","","1","0","0","0","0"
"","测试用例27","","0","0","1","0","0"
"","测试用例007","","0","0","1","0","0"
"","测试用例4","","0","0","1","0","0"
"","测试用例16","","0","0","1","0","0"
"","测试用例17","","1","0","0","0","0"
"","测试用例18","","0","0","1","0","0"
"","测试用例15","","1","0","0","0","0"
"","测试用例14","","1","0","0","0","0"
"","测试用例20","","0","0","1","0","0"
"","测试用例9","","0","0","1","0","0"
"","测试用例22","","0","0","1","0","0"
"","测试用例12","","0","0","1","0","0"
"","测试用例08","","0","0","1","0","0"
"","测试用例11","","0","0","1","0","0"
"","测试用例25","","0","0","1","0","0"
"","测试用例26","","0","0","1","0","0"
